file names,Ten sach,Tac gia,Nha xuat ban
1624445642850.jpg,Đắc Nhân Tâm,Dale Carnegie,NXB Trẻ
IMG_3559.JPG,Bí mật của nước,Masaru Emoto,NXB Lao Động
1628332196373.jpg,Nhà Giả Kim,Paulo Coelho,NXB Văn Học
IMG_3589.JPG,Tôi Thấy Hoa Vàng Trên Cỏ Xanh,Nguyễn Nhật Ánh,NXB Trẻ
1628332196373.jpg,Dữ liệu đang cập nhật...,Chưa xác định,NXB Tổng Hợp
1628332196468.jpg,Dữ liệu đang cập nhật...,Chưa xác định,NXB Tổng Hợp
1628332196570.jpg,Dữ liệu đang cập nhật...,Chưa xác định,NXB Tổng Hợp
IMG_3559.JPG,Dữ liệu đang cập nhật...,Chưa xác định,NXB Tổng Hợp
IMG_3589.JPG,Dữ liệu đang cập nhật...,Chưa xác định,NXB Tổng Hợp
IMG_3605.JPG,Dữ liệu đang cập nhật...,Chưa xác định,NXB Tổng Hợp
